Глибина дерева,Мінімальні зразки для розбиття,Мінімальні зразки в листі,Середнє MSE (крос-валідація),Стандартне відхилення MSE,R² (крос-валідація)
15,18,17,21.849834485937745,1.9396775172481555,0.8535160130656305
15,18,17,21.849834485937745,1.9396775172481555,0.8535160130656305
15,18,17,21.849834485937745,1.9396775172481555,0.8535160130656305
15,18,17,21.849834485937745,1.9396775172481555,0.8535160130656305
15,18,17,21.849834485937745,1.9396775172481555,0.8535160130656305
