Кількість дерев,Темп навчання,Глибина дерева,Кількість листків,Середнє MSE (крос-валідація),Стандартне відхилення MSE,R² (крос-валідація)
200,0.1,7,15,16.117620819024847,0.6334856061423093,0.8919442132296937
200,0.1,7,15,16.117620819024847,0.6334856061423093,0.8919442132296937
200,0.1,7,15,16.117620819024847,0.6334856061423093,0.8919442132296937
200,0.1,7,15,16.117620819024847,0.6334856061423093,0.8919442132296937
200,0.1,7,15,16.117620819024847,0.6334856061423093,0.8919442132296937
