Number of trees,Learning rate,Tree depth,Mean MSE (cross-validation),Std deviation MSE,R² (cross-validation)
50,0.15,8,13.806071762734373,1.4405995107984526,0.9074300289154053
50,0.15,8,13.806071762734373,1.4405995107984526,0.9074300289154053
50,0.15,8,13.806071762734373,1.4405995107984526,0.9074300289154053
50,0.15,8,13.806071762734373,1.4405995107984526,0.9074300289154053
50,0.15,8,13.806071762734373,1.4405995107984526,0.9074300289154053
